title,thumbnailUrl,summary,contentUrl,tags,timestamp
A* pathfinding algorithm,https://github.com/GurkNathe/Pathfinding-Algorithms/blob/main/resources/Best-First-Search.gif?raw=true,"I am changing this summary for testing purposes. I don't know if this will reveal anything, but, it is what it is. Tester, xinjing.",654321,"[Algorithms, A*, Graph Search, Pathfinding, Best-First-Search]",
A* pathfinding algorithm,https://github.com/GurkNathe/Pathfinding-Algorithms/blob/main/resources/Best-First-Search.gif?raw=true,"Discusses the A* pathfinding algorithm when applied to a grid-base graph. It then compares the performance of the A* algorithm with other popular pathfinding algorithms, then details the benefits and compromises made for the algorithms.",123456,"[Algorithms, A*, Graph Search, Pathfinding, Best-First-Search]",2023-04-12T18:31:25.412Z
A* pathfinding algorithm,https://github.com/GurkNathe/Pathfinding-Algorithms/blob/main/resources/Best-First-Search.gif?raw=true,"Discusses the A* pathfinding algorithm when applied to a grid-base graph. It then compares the performance of the A* algorithm with other popular pathfinding algorithms, then details the benefits and compromises made for the algorithms.",123456,"[Algorithms, A*, Graph Search, Pathfinding, Best-First-Search]",2023-04-12T18:31:25.412Z
A* pathfinding algorithm,https://github.com/GurkNathe/Pathfinding-Algorithms/blob/main/resources/Best-First-Search.gif?raw=true,"Discusses the A* pathfinding algorithm when applied to a grid-base graph. It then compares the performance of the A* algorithm with other popular pathfinding algorithms, then details the benefits and compromises made for the algorithms.",123456,"[Algorithms, A*, Graph Search, Pathfinding, Best-First-Search]",2023-04-12T18:31:25.412Z
A* pathfinding algorithm,https://github.com/GurkNathe/Pathfinding-Algorithms/blob/main/resources/Best-First-Search.gif?raw=true,"Discusses the A* pathfinding algorithm when applied to a grid-base graph. It then compares the performance of the A* algorithm with other popular pathfinding algorithms, then details the benefits and compromises made for the algorithms.",123456,"[Algorithms, A*, Graph Search, Pathfinding, Best-First-Search]",2023-04-12T18:31:25.412Z
A* pathfinding algorithm,https://github.com/GurkNathe/Pathfinding-Algorithms/blob/main/resources/Best-First-Search.gif?raw=true,"Discusses the A* pathfinding algorithm when applied to a grid-base graph. It then compares the performance of the A* algorithm with other popular pathfinding algorithms, then details the benefits and compromises made for the algorithms.",123456,"[Algorithms, A*, Graph Search, Pathfinding, Best-First-Search]",2023-04-12T18:31:25.412Z
A* pathfinding algorithm,https://github.com/GurkNathe/Pathfinding-Algorithms/blob/main/resources/Best-First-Search.gif?raw=true,"Discusses the A* pathfinding algorithm when applied to a grid-base graph. It then compares the performance of the A* algorithm with other popular pathfinding algorithms, then details the benefits and compromises made for the algorithms.",123456,"[Algorithms, A*, Graph Search, Pathfinding, Best-First-Search]",2023-04-12T18:31:25.412Z
A* pathfinding algorithm,https://github.com/GurkNathe/Pathfinding-Algorithms/blob/main/resources/Best-First-Search.gif?raw=true,"Discusses the A* pathfinding algorithm when applied to a grid-base graph. It then compares the performance of the A* algorithm with other popular pathfinding algorithms, then details the benefits and compromises made for the algorithms.",123456,"[Algorithms, A*, Graph Search, Pathfinding, Best-First-Search]",2023-04-12T18:31:25.412Z
A* pathfinding algorithm,https://github.com/GurkNathe/Pathfinding-Algorithms/blob/main/resources/Best-First-Search.gif?raw=true,"Discusses the A* pathfinding algorithm when applied to a grid-base graph. It then compares the performance of the A* algorithm with other popular pathfinding algorithms, then details the benefits and compromises made for the algorithms.",123456,"[Algorithms, A*, Graph Search, Pathfinding, Best-First-Search]",2023-04-12T18:31:25.412Z
A* pathfinding algorithm,https://github.com/GurkNathe/Pathfinding-Algorithms/blob/main/resources/Best-First-Search.gif?raw=true,"Discusses the A* pathfinding algorithm when applied to a grid-base graph. It then compares the performance of the A* algorithm with other popular pathfinding algorithms, then details the benefits and compromises made for the algorithms.",123456,"[Algorithms, A*, Graph Search, Pathfinding, Best-First-Search]",2023-04-12T18:31:25.412Z
A* pathfinding algorithm,https://github.com/GurkNathe/Pathfinding-Algorithms/blob/main/resources/Best-First-Search.gif?raw=true,"Discusses the A* pathfinding algorithm when applied to a grid-base graph. It then compares the performance of the A* algorithm with other popular pathfinding algorithms, then details the benefits and compromises made for the algorithms.",123456,"[Algorithms, A*, Graph Search, Pathfinding, Best-First-Search]",2023-04-12T18:31:25.412Z
